Catrina,Bach,Catrina.Bach@icanschool.com,Communication,2021,Bordeaux
Emylee,Hourigan,Emylee.Hourigan@icanschool.com,Communication,2022,Bordeaux
Drucie,Alrich,Drucie.Alrich@icanschool.com,Communication,2018,Lyon
Blake,Middleton,Blake.Middleton@icanschool.com,Communication,2020,Lille
Renie,Ranjiv,Renie.Ranjiv@icanschool.com,Communication,2023,Paris
Konstance,Tristram,Konstance.Tristram@icanschool.com,Communication,2023,Lyon
Elise,Halla,Elise.Halla@icanschool.com,Communication,2023,Lille
Jenda,Melleta,Jenda.Melleta@icanschool.com,Communication,2018,Paris
Mireielle,Dowski,Mireielle.Dowski@icanschool.com,Communication,2018,Bordeaux
Kenna,Lubin,Kenna.Lubin@icanschool.com,Communication,2021,Lyon
Maud,Therine,Maud.Therine@icanschool.com,Communication,2023,Lyon
Vevay,Selway,Vevay.Selway@icanschool.com,Communication,2022,Bordeaux
Elyssa,Hurley,Elyssa.Hurley@icanschool.com,Communication,2022,Lyon
Caritta,Haymes,Caritta.Haymes@icanschool.com,Communication,2023,Lyon
Bee,Ciro,Bee.Ciro@icanschool.com,Communication,2023,Paris
Ilse,Giff,Ilse.Giff@icanschool.com,Communication,2019,Lyon
Gusella,Olnee,Gusella.Olnee@icanschool.com,Communication,2018,Lille
Anallese,Grimbly,Anallese.Grimbly@icanschool.com,Communication,2022,Lyon
Orelia,Trey,Orelia.Trey@icanschool.com,Communication,2023,Lyon
Bernie,Holbrook,Bernie.Holbrook@icanschool.com,Communication,2020,Bordeaux
Olwen,Zeeba,Olwen.Zeeba@icanschool.com,Communication,2022,Lille
Bernie,Kellby,Bernie.Kellby@icanschool.com,Communication,2021,Lille
Lila,Georgy,Lila.Georgy@icanschool.com,Communication,2020,Lille
Siana,Waldron,Siana.Waldron@icanschool.com,Communication,2020,Paris
Emma,Carlson,Emma.Carlson@icanschool.com,Communication,2023,Lille
Mahalia,Barrus,Mahalia.Barrus@icanschool.com,Communication,2020,Lyon
Wilma,Helve,Wilma.Helve@icanschool.com,Communication,2021,Lille
Hayley,Fillbert,Hayley.Fillbert@icanschool.com,Communication,2019,Lille
Pearline,Erskine,Pearline.Erskine@icanschool.com,Communication,2023,Bordeaux
Marline,Grobe,Marline.Grobe@icanschool.com,Communication,2019,Lille
Silvana,Linskey,Silvana.Linskey@icanschool.com,Communication,2021,Lille
Robbi,Pulsifer,Robbi.Pulsifer@icanschool.com,Communication,2021,Paris
Marnia,Schalles,Marnia.Schalles@icanschool.com,Communication,2023,Lyon
Camile,Brian,Camile.Brian@icanschool.com,Communication,2021,Paris
Yetty,Natalia,Yetty.Natalia@icanschool.com,Communication,2023,Paris
Gale,Annabella,Gale.Annabella@icanschool.com,Communication,2023,Lille
Shirlee,Yorick,Shirlee.Yorick@icanschool.com,Communication,2018,Paris
Ann-Marie,Amasa,Ann-Marie.Amasa@icanschool.com,Communication,2020,Lyon
Chastity,Peonir,Chastity.Peonir@icanschool.com,Communication,2022,Paris
Silvana,McClimans,Silvana.McClimans@icanschool.com,Communication,2023,Lille
Oona,Alarise,Oona.Alarise@icanschool.com,Communication,2022,Paris
Rivalee,Ehrman,Rivalee.Ehrman@icanschool.com,Communication,2022,Paris
Emmey,Libna,Emmey.Libna@icanschool.com,Communication,2018,Lille
Bettine,Codding,Bettine.Codding@icanschool.com,Communication,2018,Lyon
Darlleen,Afton,Darlleen.Afton@icanschool.com,Communication,2023,Lyon
Andeee,Annice,Andeee.Annice@icanschool.com,Communication,2023,Paris
Lorie,Christine,Lorie.Christine@icanschool.com,Communication,2020,Lyon
Hermione,Winthorpe,Hermione.Winthorpe@icanschool.com,Communication,2020,Bordeaux
Janey,Tybald,Janey.Tybald@icanschool.com,Communication,2022,Paris
Etta,Koehler,Etta.Koehler@icanschool.com,Communication,2020,Paris
Norine,Aaberg,Norine.Aaberg@icanschool.com,Communication,2019,Lyon
Lizzie,Abram,Lizzie.Abram@icanschool.com,Communication,2018,Paris
June,Juliet,June.Juliet@icanschool.com,Communication,2018,Bordeaux
Georgina,Karl,Georgina.Karl@icanschool.com,Communication,2022,Lille
Marcelline,Amadas,Marcelline.Amadas@icanschool.com,Communication,2023,Paris
Laure,Moseley,Laure.Moseley@icanschool.com,Communication,2018,Bordeaux
Halette,O'Carroll,Halette.O'Carroll@icanschool.com,Communication,2018,Lille
Shannah,Si,Shannah.Si@icanschool.com,Communication,2023,Paris
Lily,Shuler,Lily.Shuler@icanschool.com,Communication,2021,Paris
Shel,Estella,Shel.Estella@icanschool.com,Communication,2020,Paris
Feliza,Marsden,Feliza.Marsden@icanschool.com,Communication,2021,Lille
Talya,Margret,Talya.Margret@icanschool.com,Communication,2018,Paris
Melisent,Schonfeld,Melisent.Schonfeld@icanschool.com,Communication,2021,Bordeaux
Violet,Madaih,Violet.Madaih@icanschool.com,Communication,2021,Lyon
Jacenta,Lea,Jacenta.Lea@icanschool.com,Communication,2021,Paris
Lyssa,Rossner,Lyssa.Rossner@icanschool.com,Communication,2022,Bordeaux
Arabel,Lorain,Arabel.Lorain@icanschool.com,Communication,2018,Lille
Natka,Garlinda,Natka.Garlinda@icanschool.com,Communication,2021,Bordeaux
Lynde,Kamaria,Lynde.Kamaria@icanschool.com,Communication,2018,Paris
Cyndie,Alarise,Cyndie.Alarise@icanschool.com,Communication,2021,Lyon
Rosanne,Pearse,Rosanne.Pearse@icanschool.com,Communication,2018,Lyon
Robinia,Tillford,Robinia.Tillford@icanschool.com,Communication,2018,Bordeaux
Peri,Esmaria,Peri.Esmaria@icanschool.com,Communication,2019,Lyon
Glynnis,Timon,Glynnis.Timon@icanschool.com,Communication,2018,Lyon
Sandie,Nisbet,Sandie.Nisbet@icanschool.com,Communication,2018,Lyon
Tori,Burch,Tori.Burch@icanschool.com,Communication,2018,Bordeaux
Gerrie,Cecile,Gerrie.Cecile@icanschool.com,Communication,2020,Paris
Mureil,Anselmi,Mureil.Anselmi@icanschool.com,Communication,2018,Bordeaux
Betta,Noman,Betta.Noman@icanschool.com,Communication,2018,Lyon
Dorice,Markman,Dorice.Markman@icanschool.com,Communication,2020,Lille
Delilah,Hartnett,Delilah.Hartnett@icanschool.com,Communication,2023,Bordeaux
Valera,Lea,Valera.Lea@icanschool.com,Communication,2018,Lille
Arabel,Annabella,Arabel.Annabella@icanschool.com,Communication,2020,Lille
Abbie,McNully,Abbie.McNully@icanschool.com,Communication,2022,Lille
Rivalee,Moseley,Rivalee.Moseley@icanschool.com,Communication,2018,Lille
Blake,Ammann,Blake.Ammann@icanschool.com,Communication,2022,Paris
Nonnah,Leifeste,Nonnah.Leifeste@icanschool.com,Communication,2021,Lille
Tabbatha,Dermott,Tabbatha.Dermott@icanschool.com,Communication,2022,Lille
Dawn,Kylander,Dawn.Kylander@icanschool.com,Communication,2021,Lille
Fanchon,Schonfeld,Fanchon.Schonfeld@icanschool.com,Communication,2022,Paris
Kirbee,Bethany,Kirbee.Bethany@icanschool.com,Communication,2020,Bordeaux
Teriann,Moseley,Teriann.Moseley@icanschool.com,Communication,2022,Lyon
Minda,Raychel,Minda.Raychel@icanschool.com,Communication,2023,Bordeaux
Merrie,Forrer,Merrie.Forrer@icanschool.com,Communication,2022,Bordeaux
Dorthy,Blake,Dorthy.Blake@icanschool.com,Communication,2023,Lyon
Jacenta,Fink,Jacenta.Fink@icanschool.com,Communication,2019,Lyon
Farrah,Bethany,Farrah.Bethany@icanschool.com,Communication,2018,Lille
Emma,Henebry,Emma.Henebry@icanschool.com,Communication,2021,Bordeaux
Jemie,Thar,Jemie.Thar@icanschool.com,Communication,2023,Paris
Rayna,Lilybelle,Rayna.Lilybelle@icanschool.com,Communication,2021,Lille
Elie,Hurley,Elie.Hurley@icanschool.com,Communication,2023,Bordeaux
Juliane,Henebry,Juliane.Henebry@icanschool.com,Communication,2022,Paris
Rhea,Terrence,Rhea.Terrence@icanschool.com,Communication,2018,Lille
Tomasina,Aurelio,Tomasina.Aurelio@icanschool.com,Communication,2022,Lille
Susan,Behre,Susan.Behre@icanschool.com,Communication,2019,Paris
Arlena,An,Arlena.An@icanschool.com,Communication,2018,Paris
Mignon,Caitlin,Mignon.Caitlin@icanschool.com,Communication,2022,Lyon
Clo,Cristi,Clo.Cristi@icanschool.com,Communication,2018,Bordeaux
Jaime,Faro,Jaime.Faro@icanschool.com,Communication,2020,Paris
Doro,Japeth,Doro.Japeth@icanschool.com,Communication,2022,Lille
Kimberley,Smitt,Kimberley.Smitt@icanschool.com,Communication,2023,Lille
Dari,Taima,Dari.Taima@icanschool.com,Communication,2019,Paris
Brandise,Adore,Brandise.Adore@icanschool.com,Communication,2023,Lyon
Sibella,Stacy,Sibella.Stacy@icanschool.com,Communication,2019,Bordeaux
Ulrike,Damarra,Ulrike.Damarra@icanschool.com,Communication,2021,Bordeaux
Mignon,Iiette,Mignon.Iiette@icanschool.com,Communication,2021,Lyon
Misha,Pelagias,Misha.Pelagias@icanschool.com,Communication,2021,Bordeaux
Cherilyn,Dielu,Cherilyn.Dielu@icanschool.com,Communication,2022,Lyon
Daryl,Caitlin,Daryl.Caitlin@icanschool.com,Communication,2023,Paris
Genevra,Ortrude,Genevra.Ortrude@icanschool.com,Communication,2022,Bordeaux
Atlanta,Felizio,Atlanta.Felizio@icanschool.com,Communication,2019,Lyon
Jorry,Virgin,Jorry.Virgin@icanschool.com,Communication,2020,Lille
Wilma,LaRue,Wilma.LaRue@icanschool.com,Communication,2021,Bordeaux
Alleen,Oscar,Alleen.Oscar@icanschool.com,Communication,2022,Paris
Mignon,Kermit,Mignon.Kermit@icanschool.com,Communication,2023,Lyon
Verla,Roumell,Verla.Roumell@icanschool.com,Communication,2020,Paris
Damaris,Rese,Damaris.Rese@icanschool.com,Communication,2021,Paris
Jean,Halla,Jean.Halla@icanschool.com,Communication,2021,Lyon
Kirbee,Fancie,Kirbee.Fancie@icanschool.com,Communication,2021,Paris
Elora,Hubert,Elora.Hubert@icanschool.com,Communication,2018,Paris
Natka,Neva,Natka.Neva@icanschool.com,Communication,2020,Lyon
Cyndie,Podvin,Cyndie.Podvin@icanschool.com,Communication,2018,Lyon
Cassondra,Gusella,Cassondra.Gusella@icanschool.com,Communication,2019,Lyon
Carly,Etom,Carly.Etom@icanschool.com,Communication,2018,Lille
Tamqrah,Sinegold,Tamqrah.Sinegold@icanschool.com,Communication,2022,Bordeaux
Taffy,Buckler,Taffy.Buckler@icanschool.com,Communication,2018,Paris
Janis,Bertold,Janis.Bertold@icanschool.com,Communication,2020,Bordeaux
Ariela,Poppy,Ariela.Poppy@icanschool.com,Communication,2021,Lille
Gabriellia,Zachary,Gabriellia.Zachary@icanschool.com,Communication,2019,Bordeaux
Mara,Wiener,Mara.Wiener@icanschool.com,Communication,2018,Paris
Elsie,Carbo,Elsie.Carbo@icanschool.com,Communication,2022,Lille
