Concettina,Tiffa,Concettina.Tiffa@icanschool.com,GameProgramming,2020,Lille
Kelly,Boycey,Kelly.Boycey@icanschool.com,GameProgramming,2019,Paris
Odessa,Abbot,Odessa.Abbot@icanschool.com,GameProgramming,2018,Lille
Magdalena,Old,Magdalena.Old@icanschool.com,GameProgramming,2020,Lyon
Gwenneth,Shelba,Gwenneth.Shelba@icanschool.com,GameProgramming,2021,Lille
Kerrin,Milde,Kerrin.Milde@icanschool.com,GameProgramming,2022,Lyon
Cathyleen,Remmer,Cathyleen.Remmer@icanschool.com,GameProgramming,2019,Lyon
Kimberley,Lay,Kimberley.Lay@icanschool.com,GameProgramming,2022,Paris
Nanete,Flita,Nanete.Flita@icanschool.com,GameProgramming,2019,Lyon
Marylou,Shaddock,Marylou.Shaddock@icanschool.com,GameProgramming,2020,Bordeaux
Hope,Lea,Hope.Lea@icanschool.com,GameProgramming,2019,Paris
Anthia,Celestine,Anthia.Celestine@icanschool.com,GameProgramming,2018,Bordeaux
Roseline,Iaverne,Roseline.Iaverne@icanschool.com,GameProgramming,2019,Bordeaux
Neila,Barbey,Neila.Barbey@icanschool.com,GameProgramming,2021,Bordeaux
Libbie,Dominy,Libbie.Dominy@icanschool.com,GameProgramming,2023,Bordeaux
Cristabel,Hamil,Cristabel.Hamil@icanschool.com,GameProgramming,2022,Lyon
Quintina,Ephrem,Quintina.Ephrem@icanschool.com,GameProgramming,2018,Bordeaux
Daune,Brieta,Daune.Brieta@icanschool.com,GameProgramming,2020,Paris
Annice,Vorster,Annice.Vorster@icanschool.com,GameProgramming,2021,Lyon
Millie,August,Millie.August@icanschool.com,GameProgramming,2021,Lille
Andeee,Weaks,Andeee.Weaks@icanschool.com,GameProgramming,2021,Bordeaux
Sheree,Adlare,Sheree.Adlare@icanschool.com,GameProgramming,2022,Lyon
Dotty,Noelyn,Dotty.Noelyn@icanschool.com,GameProgramming,2019,Bordeaux
Elfreda,Fleeta,Elfreda.Fleeta@icanschool.com,GameProgramming,2022,Bordeaux
Aurore,Carmena,Aurore.Carmena@icanschool.com,GameProgramming,2020,Bordeaux
Felice,Hilbert,Felice.Hilbert@icanschool.com,GameProgramming,2020,Bordeaux
Aubrie,Cynar,Aubrie.Cynar@icanschool.com,GameProgramming,2019,Paris
Daphne,Karl,Daphne.Karl@icanschool.com,GameProgramming,2018,Bordeaux
Teddie,Radu,Teddie.Radu@icanschool.com,GameProgramming,2020,Paris
Rosabelle,Tremayne,Rosabelle.Tremayne@icanschool.com,GameProgramming,2019,Lille
Dorthy,Llovera,Dorthy.Llovera@icanschool.com,GameProgramming,2022,Paris
Fanchon,Seumas,Fanchon.Seumas@icanschool.com,GameProgramming,2021,Paris
Darlleen,Bryna,Darlleen.Bryna@icanschool.com,GameProgramming,2019,Bordeaux
Sidoney,Aloise,Sidoney.Aloise@icanschool.com,GameProgramming,2018,Lyon
Elmira,Kauppi,Elmira.Kauppi@icanschool.com,GameProgramming,2021,Lyon
Therine,Auberbach,Therine.Auberbach@icanschool.com,GameProgramming,2021,Paris
Latisha,Pip,Latisha.Pip@icanschool.com,GameProgramming,2020,Bordeaux
Tina,Old,Tina.Old@icanschool.com,GameProgramming,2022,Paris
Drucie,Himelman,Drucie.Himelman@icanschool.com,GameProgramming,2018,Paris
Juliane,Durante,Juliane.Durante@icanschool.com,GameProgramming,2022,Bordeaux
Maisey,Breed,Maisey.Breed@icanschool.com,GameProgramming,2021,Paris
Evaleen,Hull,Evaleen.Hull@icanschool.com,GameProgramming,2019,Lille
Shauna,Rodmann,Shauna.Rodmann@icanschool.com,GameProgramming,2018,Lyon
Annabela,Toni,Annabela.Toni@icanschool.com,GameProgramming,2018,Lyon
Celestyna,Ball,Celestyna.Ball@icanschool.com,GameProgramming,2019,Paris
Rozele,Hachmin,Rozele.Hachmin@icanschool.com,GameProgramming,2021,Lille
Siana,Fillbert,Siana.Fillbert@icanschool.com,GameProgramming,2021,Bordeaux
Amii,Rubie,Amii.Rubie@icanschool.com,GameProgramming,2023,Lyon
Ericka,Lipson,Ericka.Lipson@icanschool.com,GameProgramming,2022,Lyon
Gusty,Dom,Gusty.Dom@icanschool.com,GameProgramming,2019,Bordeaux
Joleen,Bonilla,Joleen.Bonilla@icanschool.com,GameProgramming,2023,Lille
Bobinette,Zuzana,Bobinette.Zuzana@icanschool.com,GameProgramming,2018,Paris
Elbertina,Hepsibah,Elbertina.Hepsibah@icanschool.com,GameProgramming,2021,Lille
Judy,Wandie,Judy.Wandie@icanschool.com,GameProgramming,2019,Paris
Allis,Tufts,Allis.Tufts@icanschool.com,GameProgramming,2021,Paris
Lynea,Lory,Lynea.Lory@icanschool.com,GameProgramming,2019,Lyon
Jolyn,Tryck,Jolyn.Tryck@icanschool.com,GameProgramming,2020,Lyon
Eugine,Breed,Eugine.Breed@icanschool.com,GameProgramming,2021,Bordeaux
Regina,Mich,Regina.Mich@icanschool.com,GameProgramming,2021,Paris
Sindee,Darrell,Sindee.Darrell@icanschool.com,GameProgramming,2021,Lille
Darci,Fadiman,Darci.Fadiman@icanschool.com,GameProgramming,2022,Paris
Paule,Nerita,Paule.Nerita@icanschool.com,GameProgramming,2023,Lille
Briney,Jacobah,Briney.Jacobah@icanschool.com,GameProgramming,2023,Bordeaux
Selma,Bettine,Selma.Bettine@icanschool.com,GameProgramming,2020,Paris
Demetris,Shaddock,Demetris.Shaddock@icanschool.com,GameProgramming,2019,Paris
Elfreda,Jalbert,Elfreda.Jalbert@icanschool.com,GameProgramming,2019,Bordeaux
Devina,Teryn,Devina.Teryn@icanschool.com,GameProgramming,2020,Lyon
Janis,Jehu,Janis.Jehu@icanschool.com,GameProgramming,2019,Paris
Layla,Nedrud,Layla.Nedrud@icanschool.com,GameProgramming,2022,Bordeaux
Desirae,Koziara,Desirae.Koziara@icanschool.com,GameProgramming,2022,Lille
Kial,Rhu,Kial.Rhu@icanschool.com,GameProgramming,2019,Lille
Gertrud,Chick,Gertrud.Chick@icanschool.com,GameProgramming,2019,Lyon
Marita,Hashim,Marita.Hashim@icanschool.com,GameProgramming,2018,Lyon
Julieta,Esmaria,Julieta.Esmaria@icanschool.com,GameProgramming,2018,Paris
Amara,Dituri,Amara.Dituri@icanschool.com,GameProgramming,2019,Bordeaux
Ardys,Roche,Ardys.Roche@icanschool.com,GameProgramming,2021,Paris
Hope,Phyllis,Hope.Phyllis@icanschool.com,GameProgramming,2022,Paris
Jessy,Munn,Jessy.Munn@icanschool.com,GameProgramming,2018,Bordeaux
Lolita,Gillan,Lolita.Gillan@icanschool.com,GameProgramming,2022,Lyon
Neila,Jefferey,Neila.Jefferey@icanschool.com,GameProgramming,2019,Lyon
Isa,Dulciana,Isa.Dulciana@icanschool.com,GameProgramming,2022,Lille
Claresta,Erlandson,Claresta.Erlandson@icanschool.com,GameProgramming,2018,Lille
Merle,Ambrosia,Merle.Ambrosia@icanschool.com,GameProgramming,2019,Lyon
Bill,Henrie,Bill.Henrie@icanschool.com,GameProgramming,2022,Paris
Claudina,Engdahl,Claudina.Engdahl@icanschool.com,GameProgramming,2020,Lille
Bee,Pattin,Bee.Pattin@icanschool.com,GameProgramming,2019,Lyon
Randa,Suanne,Randa.Suanne@icanschool.com,GameProgramming,2021,Bordeaux
Rayna,Marlie,Rayna.Marlie@icanschool.com,GameProgramming,2020,Paris
Stacey,Cassius,Stacey.Cassius@icanschool.com,GameProgramming,2022,Lille
Marita,Pozzy,Marita.Pozzy@icanschool.com,GameProgramming,2019,Lyon
Mady,Serilda,Mady.Serilda@icanschool.com,GameProgramming,2021,Lyon
Mamie,Riordan,Mamie.Riordan@icanschool.com,GameProgramming,2020,Bordeaux
Daphne,Kenney,Daphne.Kenney@icanschool.com,GameProgramming,2018,Lille
Adelle,Zuzana,Adelle.Zuzana@icanschool.com,GameProgramming,2021,Lille
Benita,Claudine,Benita.Claudine@icanschool.com,GameProgramming,2020,Paris
Jinny,Junie,Jinny.Junie@icanschool.com,GameProgramming,2019,Lille
Merry,Trinetta,Merry.Trinetta@icanschool.com,GameProgramming,2023,Lyon
Bernie,Shields,Bernie.Shields@icanschool.com,GameProgramming,2021,Bordeaux
Maisey,Lanita,Maisey.Lanita@icanschool.com,GameProgramming,2021,Lille
Babita,Grobe,Babita.Grobe@icanschool.com,GameProgramming,2022,Bordeaux
Adelle,Cleo,Adelle.Cleo@icanschool.com,GameProgramming,2020,Lyon
Teriann,Lacombe,Teriann.Lacombe@icanschool.com,GameProgramming,2020,Lyon
Rochette,Ries,Rochette.Ries@icanschool.com,GameProgramming,2018,Lyon
Elena,Kronfeld,Elena.Kronfeld@icanschool.com,GameProgramming,2022,Paris
Gwyneth,Peti,Gwyneth.Peti@icanschool.com,GameProgramming,2022,Lyon
Michaelina,Liebermann,Michaelina.Liebermann@icanschool.com,GameProgramming,2023,Lille
Hannis,Sacken,Hannis.Sacken@icanschool.com,GameProgramming,2019,Bordeaux
Mallory,Syd,Mallory.Syd@icanschool.com,GameProgramming,2021,Lyon
Layla,Ioab,Layla.Ioab@icanschool.com,GameProgramming,2023,Bordeaux
Concettina,Milde,Concettina.Milde@icanschool.com,GameProgramming,2023,Paris
Tabbatha,Elo,Tabbatha.Elo@icanschool.com,GameProgramming,2022,Lyon
Eolanda,Winnick,Eolanda.Winnick@icanschool.com,GameProgramming,2020,Paris
Leontine,Fairweather,Leontine.Fairweather@icanschool.com,GameProgramming,2018,Lyon
Nataline,Sherrie,Nataline.Sherrie@icanschool.com,GameProgramming,2023,Bordeaux
Layla,Ahab,Layla.Ahab@icanschool.com,GameProgramming,2019,Paris
Kristina,Duwalt,Kristina.Duwalt@icanschool.com,GameProgramming,2022,Lille
Norine,Taima,Norine.Taima@icanschool.com,GameProgramming,2022,Bordeaux
Violet,Keily,Violet.Keily@icanschool.com,GameProgramming,2022,Paris
Jsandye,Ardra,Jsandye.Ardra@icanschool.com,GameProgramming,2021,Bordeaux
Binny,Cosenza,Binny.Cosenza@icanschool.com,GameProgramming,2021,Lille
Marleah,Valoniah,Marleah.Valoniah@icanschool.com,GameProgramming,2021,Paris
Tomasina,Ciro,Tomasina.Ciro@icanschool.com,GameProgramming,2023,Lyon
Deloria,Libna,Deloria.Libna@icanschool.com,GameProgramming,2018,Lyon
Nanete,Olympium,Nanete.Olympium@icanschool.com,GameProgramming,2018,Lille
Emilia,Kirbee,Emilia.Kirbee@icanschool.com,GameProgramming,2019,Paris
Maye,Bigner,Maye.Bigner@icanschool.com,GameProgramming,2018,Lille
Cherrita,Chaing,Cherrita.Chaing@icanschool.com,GameProgramming,2019,Lille
Luci,Elbertina,Luci.Elbertina@icanschool.com,GameProgramming,2018,Lille
Antonietta,Imelida,Antonietta.Imelida@icanschool.com,GameProgramming,2020,Paris
Collen,Greyson,Collen.Greyson@icanschool.com,GameProgramming,2019,Lyon
Danny,Brieta,Danny.Brieta@icanschool.com,GameProgramming,2021,Bordeaux
Dianemarie,Bennie,Dianemarie.Bennie@icanschool.com,GameProgramming,2023,Lille
